{
  "enabled": true,
  "min_alert_usd": 100000,
  "tweet_timestamps": [
    1768085475.258065,
    1768098146.0027313,
    1768113770.9652615,
    1768146740.5487254,
    1768153479.0961764
  ],
  "paused_until": 1767919753.1062808,
  "interval_minutes": 25,
  "probability_filter": "1_99",
  "allow_sell": false,
  "allow_split": false,
  "allow_merge": false,
  "allow_redeem": false,
  "categories": {
    "crypto": true,
    "sports": false,
    "other": true
  }
}