{
  "enabled": true,
  "min_alert_usd": 100000,
  "tweet_timestamps": [
    1767813919.8455844,
    1767822298.272304,
    1767830023.1842432,
    1767833968.113179,
    1767840079.3910017,
    1767870556.3403883,
    1767876474.5750039,
    1767879570.3868845,
    1767888872.5698109,
    1767890966.7514136,
    1767892512.2194088,
    1767896604.6516662
  ],
  "paused_until": 0,
  "interval_minutes": 25,
  "probability_filter": "1_99",
  "allow_sell": false,
  "allow_split": false,
  "allow_merge": false,
  "allow_redeem": false,
  "categories": {
    "crypto": true,
    "sports": true,
    "other": true
  }
}