{
  "enabled": true,
  "min_alert_usd": 100000,
  "tweet_timestamps": [
    1767922845.5311575,
    1767926847.3488367,
    1767980571.9958577,
    1767984034.5951872,
    1768000606.0225313,
    1768002209.5053892
  ],
  "paused_until": 1767919753.1062808,
  "interval_minutes": 25,
  "probability_filter": "1_99",
  "allow_sell": false,
  "allow_split": false,
  "allow_merge": false,
  "allow_redeem": false,
  "categories": {
    "crypto": true,
    "sports": false,
    "other": true
  }
}